id,title,content,summary,url,source,author,published_date,scraped_date,sentiment_score,sentiment_label,mentioned_stocks,mentioned_companies,mentioned_persons,category,subcategory,tags,word_count,read_time_minutes,is_duplicate,duplicate_of_id
33,Groundhog Day Gloom? Why the Nasdaq Is Shaking Off Phils Shadow and Facing Reality,,,https://finance.yahoo.com/news/groundhog-day-gloom-why-nasdaq-154457765.html,yahoo_finance,,2026-02-02T15:44:57,2026-02-03T23:39:58,0.0,neutral,,Groundhog Day Gloom;Why;Facing Reality;Nasdaq Is Shaking Off Phils Shadow,Groundhog Day Gloom;Facing Reality;Nasdaq Is Shaking Off Phils Shadow,,,,0,1,False,
19,SoFis Earnings Growth Looks Strong. Is This Dip a Buying Opportunity?,,,https://finance.yahoo.com/news/sofi-earnings-growth-looks-strong-153831743.html,yahoo_finance,,2026-02-02T15:38:31,2026-02-03T23:39:58,0.0,neutral,,Earnings Growth Looks Strong;Buying Opportunity;Is This Dip,Earnings Growth Looks Strong;Buying Opportunity;Is This Dip,,,,0,1,False,
16,This Is the Most Oversold Dividend Aristocrat Worth Buying,,,https://finance.yahoo.com/news/most-oversold-dividend-aristocrat-worth-153718883.html,yahoo_finance,,2026-02-02T15:37:18,2026-02-03T23:39:58,0.0,neutral,,Most Oversold Dividend Aristocrat Worth Buying;This Is,Most Oversold Dividend Aristocrat Worth Buying;This Is,,,,0,1,False,
12,Dollar Rallies on US Manufacturing Strength,,,https://finance.yahoo.com/news/dollar-rallies-us-manufacturing-strength-153544621.html,yahoo_finance,,2026-02-02T15:35:44,2026-02-03T23:39:58,0.0,neutral,US,Dollar Rallies;Manufacturing Strength,Dollar Rallies;Manufacturing Strength,,,,0,1,False,
9,"MicroStrategy Is Trading Below NAV Again. Should You Buy MSTR Stock Here or Stay Far, Far Away?",,,https://finance.yahoo.com/news/microstrategy-trading-below-nav-again-153424981.html,yahoo_finance,,2026-02-02T15:34:24,2026-02-03T23:39:58,0.0,neutral,NAV;MSTR,Is Trading Below;Stay Far;Far Away;Should You Buy;Stock Here;Again,Is Trading Below;Stay Far;Far Away;Should You Buy;Stock Here,,,,0,1,False,
5,Is Wall Street Bullish or Bearish on ConocoPhillips Stock?,,,https://finance.yahoo.com/news/wall-street-bullish-bearish-conocophillips-153021945.html,yahoo_finance,,2026-02-02T15:30:21,2026-02-03T23:39:58,0.0,neutral,,Bearish;Is Wall Street Bullish;Stock,Is Wall Street Bullish,,,,0,1,False,
41,U.S. Manufacturing Activity Expanded in January,"CONCLUDED
Last Updated:
7 hours ago
U.S. Manufacturing Activity Expanded in January
The U.S. manufacturing economy surprised investors on Monday with something they’ve long waited for: Growth.
The Institute for Supply Management’s Purchasing Managers Index, or PMI, rose to 52.6 in January, up from 47.9 for December. Economists surveyed by FactSet expected a reading of 48.9, so things were better than expected.
A reading above 50 indicates growth. The January reading snaps a 10-month streak of declines. The January 2025 reading was positive at 50.9, snapping a streak of 26 consecutive months below 50, after all revisions. (ISM revises readings once a year in January.)",,https://www.barrons.com/livecoverage/stock-market-news-today-020226/card/u-s-manufacturing-activity-expanded-in-january-bVK6kqbi4Ca6stJrDKKD?siteid=yhoof2&yptr=yahoo,yahoo_finance,,2026-02-02T15:26:23,2026-02-03T23:39:58,0.13080808080808082,positive,U;ISM;LUDED;A;PMI;S,"December;Economists;Last Updated;January
The;The Institute;January;The January;Purchasing Managers Index;Growth;Supply Management","Last Updated;January
The;The Institute;The January;Purchasing Managers Index;Supply Management;Manufacturing Activity Expanded",,,,105,1,False,
30,Forrestania Resources to take full ownership of Mt Palmer gold project,,,https://finance.yahoo.com/news/forrestania-resources-full-ownership-mt-152611370.html,yahoo_finance,,2026-02-02T15:26:11,2026-02-03T23:39:58,0.0,neutral,,Mt Palmer;Forrestania Resources,Mt Palmer;Forrestania Resources,,,,0,1,False,
15,How Much Bigger Could SoFis Lending Business Get? You Might Be Surprised,,,https://finance.yahoo.com/news/much-bigger-could-sofis-lending-152600600.html,yahoo_finance,,2026-02-02T15:26:00,2026-02-03T23:39:58,0.0,neutral,,How Much Bigger Could;Lending Business Get;You Might Be Surprised,How Much Bigger Could;Lending Business Get;You Might Be Surprised,,,,0,1,False,
10,CS continues to solidify its presence in the Southeast,,,https://finance.yahoo.com/news/c-continues-solidify-presence-southeast-152521790.html,yahoo_finance,,2026-02-02T15:25:21,2026-02-03T23:39:58,0.0,neutral,CS,Southeast,,,,,0,1,False,
6,"With 500 to Invest, This Dividend ETF Could Create Steady Cash Flow for Years",,,https://finance.yahoo.com/news/500-invest-dividend-etf-could-152400001.html,yahoo_finance,,2026-02-02T15:24:00,2026-02-03T23:39:58,0.0,neutral,ETF,Could Create Steady Cash Flow;With;Invest;Years;This Dividend,This Dividend;Could Create Steady Cash Flow,,,,0,1,False,
2,Why 1 Analyst Thinks Zoom Stock Is Set to Be an Unexpected AI Winner,,,https://finance.yahoo.com/news/why-1-analyst-thinks-zoom-152239230.html,yahoo_finance,,2026-02-02T15:22:39,2026-02-03T23:39:58,0.0,neutral,AI,Analyst Thinks Zoom Stock Is Set;Unexpected;Why;Be;Winner,Analyst Thinks Zoom Stock Is Set,,,,0,1,False,
1,Everything You Need to Know About Palantir Heading Into Q4 Earnings,,,https://finance.yahoo.com/news/everything-know-palantir-heading-q4-152142517.html,yahoo_finance,,2026-02-02T15:21:42,2026-02-03T23:39:58,0.0,neutral,,Everything You Need;Earnings;Know About Palantir Heading Into,Everything You Need;Know About Palantir Heading Into,,,,0,1,False,
3,"Why Gold Still May Hit 6,000; Bitcoin Tests Trump 2.0 Low","Gold and silver prices recovered modestly early Monday after Friday's historic dives that only gave back a portion of precious metals' recent dramatic ascents. Bitcoin also rebounded early, but the cryptocurrency, which has been left out of the dollar debasement rally fueling tangible metals, tested its lowest level since President Donald Trump's election to a second term and isn't out…
Related news
Stock Market Today: Dow Jumps As Trump Touts This Deal; Robinhood Plunges But Palantir Pops (Live Coverage)
2/02/2026 The Dow Jones and other major indexes rose. Palantir and Tesla were moving on the stock market today. A Trump...
2/02/2026 The Dow Jones and other major indexes rose. Palantir and...
-
Bitcoin, U.S. Dollar Skid, Gold Rallies On 'Sell America' Trade
-
Stock Market Today: Dow Slips Back Below 49K; Trump Takes On Defense Firms (Live Coverage)
-
Bitcoin Falls, Strategy Wavers After Negative MSCI Rule
-
Bitcoin Up Amid Venezuela Operation; 'Shadow Reserve' Rumors Swirl
-
Bitcoin Snubbed By Santa Rally As Strategy Braces For Storm
-
Bitcoin Bounces, But Strategy's Buying Power Is Low On Fuel
-
Strategy Keeps Nasdaq 100 Listing; What It Means For Bitcoin
-
Bitcoin Price Jumps As New Strategy Rival Makes NYSE Debut",,https://www.investors.com/news/gold-price-still-may-hit-6000-deutsche-bank-bitcoin-tests-trump-second-term-low/?src=A00220&yptr=yahoo,yahoo_finance,,2026-02-02T15:18:27,2026-02-03T23:39:58,0.0630764163372859,neutral,U;K;MSCI;A;NYSE;S,Buying Power Is Low On Fuel;Bitcoin Price Jumps As New Strategy Rival Makes;Friday;Sell America;Strategy Keeps Nasdaq;Listing;Rule;President Donald Trump;Trump;Dollar Skid,Buying Power Is Low On Fuel;Bitcoin Price Jumps As New Strategy Rival Makes;Sell America;Strategy Keeps Nasdaq;President Donald Trump;Dollar Skid;Bitcoin Falls;Bitcoin Bounces;Shadow Reserve;Rumors Swirl,,,,201,1,False,
25,"Disgusting and Crazy: Joe Rogan Laments Decline Of Detroit Auto Industry  So Many Abandoned Buildings, You Could Buy A House There For 500 Bucks",,,https://finance.yahoo.com/news/disgusting-crazy-joe-rogan-laments-151615623.html,yahoo_finance,,2026-02-02T15:16:15,2026-02-03T23:39:58,0.0,neutral,A,You Could Buy;Joe Rogan Laments Decline Of Detroit Auto Industry  So Many Abandoned Buildings;Disgusting;Crazy;House There For;Bucks,You Could Buy;House There For;Joe Rogan Laments Decline Of Detroit Auto Industry  So Many Abandoned Buildings,,,,0,1,False,
20,Financial Advisors: Heres Why We Tell Middle-Class Clients To Avoid Crypto Completely,,,https://finance.yahoo.com/news/financial-advisors-why-tell-middle-151605499.html,yahoo_finance,,2026-02-02T15:16:05,2026-02-03T23:39:58,0.0,neutral,,Financial Advisors;Heres Why We Tell Middle;Class Clients To Avoid Crypto Completely,Financial Advisors;Heres Why We Tell Middle;Class Clients To Avoid Crypto Completely,,,,0,1,False,
36,The EI advantage: Why Swifts 2027 requirements could be a turning point for banks,,,https://finance.yahoo.com/news/e-advantage-why-swift-2027-151547728.html,yahoo_finance,,2026-02-02T15:15:47,2026-02-03T23:39:58,0.0,neutral,EI,The;Why Swifts,Why Swifts,,,,0,1,False,
4,Stock Indexes Climb as Chip Makers and AI Infrastructure Stocks Rebound,,,https://finance.yahoo.com/news/stock-indexes-climb-chip-makers-151415675.html,yahoo_finance,,2026-02-02T15:14:15,2026-02-03T23:39:58,0.0,neutral,AI,Stock Indexes Climb;Infrastructure Stocks Rebound;Chip Makers,Stock Indexes Climb;Infrastructure Stocks Rebound;Chip Makers,,,,0,1,False,
7,The First Batch of H200 Shipments Could Soon Be Heading to China. What Does That Mean for Nvidia Stock.,,,https://finance.yahoo.com/news/first-batch-h200-shipments-could-151100716.html,yahoo_finance,,2026-02-02T15:11:00,2026-02-03T23:39:58,0.0,neutral,,China;What Does That Mean;Shipments Could Soon Be Heading;The First Batch;Nvidia Stock,What Does That Mean;The First Batch;Shipments Could Soon Be Heading;Nvidia Stock,,,,0,1,False,
11,3M Company Stock: Is Wall Street Bullish or Bearish?,,,https://finance.yahoo.com/news/3m-company-stock-wall-street-150707139.html,yahoo_finance,,2026-02-02T15:07:07,2026-02-03T23:39:58,0.0,neutral,M,Bearish;Company Stock;Is Wall Street Bullish,Company Stock;Is Wall Street Bullish,,,,0,1,False,
13,"Sweetgreen, Inc. (SG) Gains Price Target Bump as Policy Optimism Lifts Restaurant Sector",,,https://finance.yahoo.com/news/sweetgreen-inc-sg-gains-price-150610282.html,yahoo_finance,,2026-02-02T15:06:10,2026-02-03T23:39:58,0.0,neutral,SG,Sweetgreen;Gains Price Target Bump;Policy Optimism Lifts Restaurant Sector;Inc,Gains Price Target Bump;Policy Optimism Lifts Restaurant Sector,,,,0,1,False,
14,"Piper Sandler Sees Upside Potential in Kura Sushi USA, Inc. (KRUS) After Investor Meeting and Loyalty Platform Changes",,,https://finance.yahoo.com/news/piper-sandler-sees-upside-potential-150522123.html,yahoo_finance,,2026-02-02T15:05:22,2026-02-03T23:39:58,0.0,neutral,KRUS;USA,After Investor Meeting;Kura Sushi;Inc;Piper Sandler Sees Upside Potential;Loyalty Platform Changes,After Investor Meeting;Piper Sandler Sees Upside Potential;Kura Sushi;Loyalty Platform Changes,,,,0,1,False,
17,"Benchmark Sees Continued Upside in The Chefs Warehouse, Inc. (CHEF) on Visible Operating Momentum",,,https://finance.yahoo.com/news/benchmark-sees-continued-upside-chefs-150430225.html,yahoo_finance,,2026-02-02T15:04:30,2026-02-03T23:39:58,0.0,neutral,CHEF,Visible Operating Momentum;Benchmark Sees Continued Upside;The Chefs Warehouse;Inc,Visible Operating Momentum;Benchmark Sees Continued Upside;The Chefs Warehouse,,,,0,1,False,
18,DoorDash Stock: Analyst Estimates  Ratings,,,https://finance.yahoo.com/news/doordash-stock-analyst-estimates-ratings-150348358.html,yahoo_finance,,2026-02-02T15:03:48,2026-02-03T23:39:58,0.0,neutral,,Analyst Estimates  Ratings;Stock,Analyst Estimates  Ratings,,,,0,1,False,
21,Morgan Stanley Still Bullish on Wingstop Inc. (WING)s Growth Story After Target Cut,,,https://finance.yahoo.com/news/morgan-stanley-still-bullish-wingstop-150343100.html,yahoo_finance,,2026-02-02T15:03:43,2026-02-03T23:39:58,0.0,neutral,WING,Morgan Stanley Still Bullish;Wingstop Inc;Growth Story After Target Cut,Morgan Stanley Still Bullish;Wingstop Inc;Growth Story After Target Cut,,,,0,1,False,
22,"Cal-Maine Foods, Inc. (CALM)s Long-Term Outlook Remains Intact Despite Short-Term Headwinds",,,https://finance.yahoo.com/news/cal-maine-foods-inc-calm-150303731.html,yahoo_finance,,2026-02-02T15:03:03,2026-02-03T23:39:58,0.0,neutral,CALM,Maine Foods;Term Headwinds;Inc;Term Outlook Remains Intact Despite Short;Long;Cal,Maine Foods;Term Outlook Remains Intact Despite Short;Term Headwinds,,,,0,1,False,
23,"Freedom Capital Initiates Mamas Creations, Inc. (MAMA) With Buy Rating, Citing National Expansion and Innovation",,,https://finance.yahoo.com/news/freedom-capital-initiates-mama-creations-150220434.html,yahoo_finance,,2026-02-02T15:02:20,2026-02-03T23:39:58,0.0,neutral,MAMA,With Buy Rating;Innovation;Citing National Expansion;Inc;Freedom Capital Initiates Mamas Creations,With Buy Rating;Freedom Capital Initiates Mamas Creations;Citing National Expansion,,,,0,1,False,
24,BMO Stays Bullish on Primo Brands Corporation (PRMB) Despite Near-Term Estimate Reset,,,https://finance.yahoo.com/news/bmo-stays-bullish-primo-brands-150143451.html,yahoo_finance,,2026-02-02T15:01:43,2026-02-03T23:39:58,0.0,neutral,PRMB;BMO,Stays Bullish;Term Estimate Reset;Despite Near;Primo Brands Corporation,Stays Bullish;Term Estimate Reset;Despite Near;Primo Brands Corporation,,,,0,1,False,
26,"Dutch Bros Inc. (BROS) Positioned for Continued Same-Store Sales Momentum, Says Citi",,,https://finance.yahoo.com/news/dutch-bros-inc-bros-positioned-150059271.html,yahoo_finance,,2026-02-02T15:00:59,2026-02-03T23:39:58,0.0,neutral,BROS,Positioned;Store Sales Momentum;Continued Same;Dutch Bros Inc;Says Citi,Dutch Bros Inc;Store Sales Momentum;Continued Same;Says Citi,,,,0,1,False,
27,"The ONE Group Hospitality, Inc. (STKS) Seen as Long-Term Opportunity Despite Q4 Revenue Miss",,,https://finance.yahoo.com/news/one-group-hospitality-inc-stks-150005040.html,yahoo_finance,,2026-02-02T15:00:05,2026-02-03T23:39:58,0.0,neutral,ONE;STKS,The;Seen;Inc;Long;Revenue Miss;Group Hospitality;Term Opportunity Despite,Group Hospitality;Revenue Miss;Term Opportunity Despite,,,,0,1,False,
29,GenLogs raises 60M Series B to enhance supply chain intelligence and security,,,https://finance.yahoo.com/news/genlogs-raises-60m-series-b-150000460.html,yahoo_finance,,2026-02-02T15:00:00,2026-02-03T23:39:58,0.0,neutral,M;B,Series,,,,,0,1,False,
28,OPEC Overproducers Update Compensation Cuts,,,https://finance.yahoo.com/news/opec-overproducers-compensation-cuts-150000362.html,yahoo_finance,,2026-02-02T15:00:00,2026-02-03T23:39:58,0.0,neutral,OPEC,Overproducers Update Compensation Cuts,Overproducers Update Compensation Cuts,,,,0,1,False,
31,"JPMorgan Raises Celsius Holdings Inc (CELH) Price Target, Sees Earnings Upside From PepsiCo Partnership and Alani Nu Growth",,,https://finance.yahoo.com/news/jpmorgan-raises-celsius-holdings-inc-145955992.html,yahoo_finance,,2026-02-02T14:59:55,2026-02-03T23:39:58,0.0,neutral,CELH,Alani Nu Growth;Sees Earnings Upside From;Price Target;Partnership;Raises Celsius Holdings Inc,Price Target;Sees Earnings Upside From;Alani Nu Growth;Raises Celsius Holdings Inc,,,,0,1,False,
32,Do Wall Street Analysts Like CrowdStrike Stock?,,,https://finance.yahoo.com/news/wall-street-analysts-crowdstrike-stock-145921929.html,yahoo_finance,,2026-02-02T14:59:21,2026-02-03T23:39:58,0.0,neutral,,Do Wall Street Analysts Like;Stock,Do Wall Street Analysts Like,,,,0,1,False,
37,"Black Diamond Therapeutics, Inc. (BDTX) Price Target Trimmed as Piper Updates Biotech Models and 2026 Catalyst Tracker",,,https://finance.yahoo.com/news/black-diamond-therapeutics-inc-bdtx-145606955.html,yahoo_finance,,2026-02-02T14:56:06,2026-02-03T23:39:58,0.0,neutral,BDTX,Price Target Trimmed;Inc;Piper Updates Biotech Models;Catalyst Tracker;Black Diamond Therapeutics,Catalyst Tracker;Piper Updates Biotech Models;Price Target Trimmed;Black Diamond Therapeutics,,,,0,1,False,
34,"Altimmune, Inc. (ALT) Gains Analyst Support Ahead of Phase 3 MASH Development",,,https://finance.yahoo.com/news/altimmune-inc-alt-gains-analyst-145540141.html,yahoo_finance,,2026-02-02T14:55:40,2026-02-03T23:39:58,0.0,neutral,ALT;MASH,Inc;Gains Analyst Support Ahead;Development;Phase;Altimmune,Gains Analyst Support Ahead,,,,0,1,False,
38,"Piper Sandler See Label Expansion Potential for ImmunityBio, Inc. (IBRX)s ANKTIVA Following QUILT Data",,,https://finance.yahoo.com/news/piper-sandler-see-label-expansion-145518172.html,yahoo_finance,,2026-02-02T14:55:18,2026-02-03T23:39:58,0.0,neutral,IBRX;QUILT;KTIVA,Piper Sandler See Label Expansion Potential;Following;Data;Inc,Piper Sandler See Label Expansion Potential,,,,0,1,False,
42,Roth Capital Say Market Pricing Implies Zero Success for Arcturus Therapeutics Holdings Inc. (ARCT) Pipeline Assets,,,https://finance.yahoo.com/news/roth-capital-market-pricing-implies-145450042.html,yahoo_finance,,2026-02-02T14:54:50,2026-02-03T23:39:58,0.0,neutral,ARCT,Pipeline Assets;Arcturus Therapeutics Holdings Inc;Roth Capital Say Market Pricing Implies Zero Success,Pipeline Assets;Arcturus Therapeutics Holdings Inc;Roth Capital Say Market Pricing Implies Zero Success,,,,0,1,False,
40,Aptiv (APTV) Looking at More Realistic Value and Growth Propositions,,,https://finance.yahoo.com/news/aptiv-aptv-looking-more-realistic-145424325.html,yahoo_finance,,2026-02-02T14:54:24,2026-02-03T23:39:58,0.0,neutral,APTV,More Realistic Value;Growth Propositions;Looking;Aptiv,More Realistic Value;Growth Propositions,,,,0,1,False,
39,2026 Labeled as a Transition Year for Mobileye (MBLY),,,https://finance.yahoo.com/news/2026-labeled-transition-mobileye-mbly-145422539.html,yahoo_finance,,2026-02-02T14:54:22,2026-02-03T23:39:58,0.0,neutral,MBLY,Transition Year;Labeled;Mobileye,Transition Year,,,,0,1,False,
8,"Disney reports profit hit on higher costs, while parks business shines as CEO search narrows",,,https://finance.yahoo.com/news/disney-reports-profit-hit-on-higher-costs-while-parks-business-shines-as-ceo-search-narrows-131629869.html,yahoo_finance,,2026-02-02T13:16:29,2026-02-03T23:39:58,0.0,neutral,CEO,Disney,,,,,0,1,False,
